{"name":"06c74861-eea1-4a23-9888-948d5465aee3","id":"/providers/Microsoft.Flow/flows/06c74861-eea1-4a23-9888-948d5465aee3","type":"Microsoft.Flow/flows","properties":{"apiId":"/providers/Microsoft.PowerApps/apis/shared_logicflows","displayName":"Candidate Feedback Form Adaptive Card","definition":{"metadata":{"workflowEntityId":null,"processAdvisorMetadata":null,"flowChargedByPaygo":null,"flowclientsuspensionreason":"None","flowclientsuspensiontime":null,"flowclientsuspensionreasondetails":null,"creator":{"id":"53af8555-afc1-49a1-bf94-d42fa1c5085c","type":"User","tenantId":"9f1d8af3-86a6-4421-b7f1-1e52abafadd6"},"provisioningMethod":"FromDefinition","failureAlertSubscription":true,"clientLastModifiedTime":"2023-06-14T04:57:53.7952018Z"},"$schema":"https://schema.management.azure.com/providers/Microsoft.Logic/schemas/2016-06-01/workflowdefinition.json#","contentVersion":"1.0.0.0","parameters":{"$connections":{"defaultValue":{},"type":"Object"},"$authentication":{"defaultValue":{},"type":"SecureObject"}},"triggers":{"manual":{"splitOn":"@triggerBody()['rows']","metadata":{"flowSystemMetadata":{"swaggerOperationId":"ForASelectedMessage","taskModuleWidth":null,"taskModuleHeight":null,"inputsAdaptiveCard":"{\"$schema\":\"http://adaptivecards.io/schemas/adaptive-card.json\",\"type\":\"AdaptiveCard\",\"version\":\"1.2\",\"body\":[{\"type\":\"TextBlock\",\"size\":\"Medium\",\"weight\":\"Bolder\",\"text\":\"Candidate Feedback Form Interview Score 📄✍\",\"horizontalAlignment\":\"Center\",\"wrap\":true},{\"type\":\"TextBlock\",\"text\":\"Please use this form as a guide to evaluate the candidate's qualification for employment. Check the appropriate rating corresponding to the candidate's level of qualification and provide comments in the space below if necessary.\\n\\nRating Scale: \\n\\n5 - Exceptional\\n\\n4 - Exceeds Expectations\\n\\n3 - Meets Expectations\\n\\n2 - Below Expectations\\n\\n1 - Does not fit or Not Applicable\",\"wrap\":true,\"separator\":true},{\"type\":\"TextBlock\",\"text\":\"Email\",\"wrap\":true},{\"type\":\"Input.Text\",\"style\":\"text\",\"isRequired\":true,\"label\":\"Email\",\"errorMessage\":\"This is a required question\",\"id\":\"Email\"},{\"type\":\"TextBlock\",\"text\":\"Candidate's Name\",\"wrap\":true},{\"type\":\"Input.Text\",\"style\":\"Url\",\"id\":\"CandidateName\",\"isRequired\":true,\"errorMessage\":\"This is a required question\",\"label\":\"Candidate's Name\"},{\"type\":\"TextBlock\",\"text\":\"Under Consideration for Post of\",\"wrap\":true},{\"type\":\"Input.Text\",\"style\":\"Email\",\"id\":\"Post\",\"label\":\"Under Consideration for Post of\",\"isRequired\":true,\"errorMessage\":\"This is a required question\"},{\"type\":\"TextBlock\",\"wrap\":true,\"text\":\"Interviewer Name\"},{\"type\":\"Input.Text\",\"style\":\"Tel\",\"id\":\"InteviewerName\",\"label\":\"Interviewer's Name\",\"isRequired\":true,\"errorMessage\":\"This is a required question\"},{\"type\":\"TextBlock\",\"wrap\":true,\"text\":\"Date of interview\"},{\"type\":\"Input.Date\",\"id\":\"DateVal\",\"label\":\"Date of Interview\",\"isRequired\":true,\"errorMessage\":\"This is a required question\"},{\"type\":\"TextBlock\",\"text\":\"Background: Assess candidate's experience and employment history.\",\"wrap\":true},{\"type\":\"Input.ChoiceSet\",\"choices\":[{\"title\":\"Exceptional\",\"value\":\"5\"},{\"title\":\"Exceeds Expectations\",\"value\":\"4\"},{\"title\":\"Meets Expectations\",\"value\":\"3\"},{\"title\":\"Below Expectations\",\"value\":\"2\"},{\"title\":\"Does not it or Not Applicable\",\"value\":\"1\"}],\"placeholder\":\"Choose\",\"isRequired\":true,\"errorMessage\":\"This is a required question\",\"id\":\"Bgrd\",\"label\":\"Background: Assess candidate's experience and employment history.\"},{\"type\":\"TextBlock\",\"text\":\"Education / Training: Assess the relevant candidate's education and training background. \",\"wrap\":true},{\"type\":\"Input.ChoiceSet\",\"choices\":[{\"title\":\"Exceptional\",\"value\":\"5\"},{\"title\":\"Exceeds Expectations\",\"value\":\"4\"},{\"title\":\"Meets Expectations\",\"value\":\"3\"},{\"title\":\"Below Expectations\",\"value\":\"2\"},{\"title\":\"Does not fit or Not Applicable\",\"value\":\"1\"}],\"placeholder\":\"Choose\",\"label\":\"Education / Training: Assess the relevant candidate's education and training background. \",\"id\":\"Education\",\"errorMessage\":\"This is a required question\",\"style\":\"expanded\",\"isRequired\":true},{\"type\":\"TextBlock\",\"text\":\"Technical Competency: Assess the candidate's Technical knowledge and past working experiences. \",\"wrap\":true},{\"type\":\"Input.ChoiceSet\",\"choices\":[{\"title\":\"Exceptional\",\"value\":\"5\"},{\"title\":\"Exceeds Expectations\",\"value\":\"4\"},{\"title\":\"Meets Expectations\",\"value\":\"3\"},{\"title\":\"Below Expectations\",\"value\":\"2\"},{\"title\":\"Does not fit or Not Applicable\",\"value\":\"1\"}],\"placeholder\":\"Choose\",\"id\":\"TechCompetency\",\"label\":\"Technical Competency: Assess the candidate's Technical knowledge and past working experiences.\",\"isRequired\":true,\"errorMessage\":\"This is a required question\"},{\"type\":\"TextBlock\",\"text\":\"Presentation / Communication / Verbal Skills: Assess the candidate's fluency of expression, ability to express ideas and thoughts clearly.\",\"wrap\":true},{\"type\":\"Input.ChoiceSet\",\"choices\":[{\"title\":\"Exceptional\",\"value\":\"5\"},{\"title\":\"Exceeds Expectations\",\"value\":\"4\"},{\"title\":\"Meets Expectations\",\"value\":\"3\"},{\"title\":\"Below Expectations\",\"value\":\"2\"},{\"title\":\"Does not fit or Not Applicable\",\"value\":\"1\"}],\"placeholder\":\"Choose\",\"label\":\"Presentation / Communication / Verbal Skills: Assess the candidate's fluency of expression, ability to express ideas and thoughts clearly. \",\"id\":\"PreComVerb\",\"isRequired\":true,\"errorMessage\":\"This is a required question\"},{\"type\":\"TextBlock\",\"text\":\"Intellectual / Practical Ability: Assess the candidate's ability to appreciate new situation quickly and accurately, depth and consistency of argument. \",\"wrap\":true},{\"type\":\"Input.ChoiceSet\",\"choices\":[{\"title\":\"Exceptional \",\"value\":\"5\"},{\"title\":\"Exceeds Expectations\",\"value\":\"4\"},{\"title\":\"Meets Expectations\",\"value\":\"3\"},{\"title\":\"Below Expectations\",\"value\":\"2\"},{\"title\":\"Does not fit or Not Applicable\",\"value\":\"1\"}],\"placeholder\":\"Choose\",\"label\":\"Intellectual / Practical Ability: Assess the candidate's ability to appreciate new situation quickly and accurately, depth and consistency of argument.\",\"isRequired\":true,\"errorMessage\":\"This is a required question\",\"id\":\"Intellect\"},{\"type\":\"TextBlock\",\"text\":\"Non-Academic Activities: Assess the candidate's diversity of activities, level of participation, vocational training (if applicable).\",\"wrap\":true},{\"type\":\"Input.ChoiceSet\",\"choices\":[{\"title\":\"Exceptional\",\"value\":\"5\"},{\"title\":\"Exceeds Expectations\",\"value\":\"4\"},{\"title\":\"Meets Expecations\",\"value\":\"3\"},{\"title\":\"Below Expectations\",\"value\":\"2\"},{\"title\":\"Does not fit or Not Applicable\",\"value\":\"1\"}],\"placeholder\":\"Choose\",\"label\":\"Non-Academic Activities: Assess the candidate's diversity of activities, level of participation, vocational training (if applicable).\",\"isRequired\":true,\"errorMessage\":\"This is a required question\",\"id\":\"NonAcad\"},{\"type\":\"TextBlock\",\"text\":\"Achievement Motivation: Assess the candidate's target setting, track-record in overcoming difficulties, drive and enthusiasm.\",\"wrap\":true},{\"type\":\"Input.ChoiceSet\",\"choices\":[{\"title\":\"Exceptional\",\"value\":\"5\"},{\"title\":\"Exceeds Expectations\",\"value\":\"4\"},{\"title\":\"Meets Expectations\",\"value\":\"3\"},{\"title\":\"Below Expectations\",\"value\":\"2\"},{\"title\":\"Does not fit or Not Applicable\",\"value\":\"1\"}],\"placeholder\":\"Choose\",\"label\":\"Achievement Motivation: Assess the candidate's target setting, track-record in overcoming difficulties, drive and enthusiasm. \",\"id\":\"AchievementMotivation\",\"isRequired\":true,\"errorMessage\":\"This is a required questions\"},{\"type\":\"TextBlock\",\"text\":\"Organisational / Cultural Fit: Assess the candidate's to fit in the organisation and culture\",\"wrap\":true},{\"type\":\"Input.ChoiceSet\",\"choices\":[{\"title\":\"Exceptional\",\"value\":\"5\"},{\"title\":\"Exceeds Expectations\",\"value\":\"4\"},{\"title\":\"Meets Expectations\",\"value\":\"3\"},{\"title\":\"Below Expectations\",\"value\":\"2\"},{\"title\":\"Does not fit or Not Applicable\",\"value\":\"1\"}],\"placeholder\":\"Choose\",\"id\":\"Organization\",\"isRequired\":true,\"errorMessage\":\"This is a required question\",\"label\":\"Organisational / Cultural Fit: Assess the candidate's to fit in the organization and culture\"},{\"type\":\"TextBlock\",\"text\":\"Total Score =\",\"wrap\":true},{\"type\":\"Input.Number\",\"placeholder\":\"Your answer\",\"id\":\"totalScore\"},{\"type\":\"TextBlock\",\"text\":\"Total Percentage % Score = Total Score/40 * 100 %\",\"wrap\":true},{\"type\":\"Input.Number\",\"placeholder\":\"Your answer\",\"id\":\"totalPercScore\"},{\"type\":\"TextBlock\",\"text\":\"General Assessment / Recommendation \",\"wrap\":true},{\"type\":\"Input.Text\",\"style\":\"text\",\"isMultiline\":true,\"id\":\"GenAssess\",\"isRequired\":true,\"errorMessage\":\"This is a required field\",\"label\":\"General Assessment / Recommendation \"},{\"type\":\"TextBlock\",\"text\":\"Decision\",\"wrap\":true},{\"type\":\"Input.ChoiceSet\",\"choices\":[{\"title\":\"Hire\",\"value\":\"Hire ✅\"},{\"title\":\"No Hire\",\"value\":\"No Hire ❌\"}],\"placeholder\":\"Choose\",\"style\":\"expanded\",\"id\":\"Decision\"},{\"type\":\"TextBlock\",\"wrap\":true,\"text\":\"Suggest follow-up discussion regarding:\"},{\"type\":\"Input.ChoiceSet\",\"choices\":[{\"title\":\"Past experience in the topic area\",\"value\":\"Past experience in the topic area 😎\"},{\"title\":\"Inclusive behaviours and work ethics\",\"value\":\"Inclusive behaviours and work ethics 👔\"},{\"title\":\"Ability to work without supervision\",\"value\":\"Ability to work without supervision 🪐\"}],\"placeholder\":\"Select\",\"isMultiSelect\":true,\"style\":\"expanded\",\"id\":\"Suggestion\"}],\"actions\":[{\"type\":\"Action.Submit\",\"title\":\"Submit\",\"data\":{\"id\":\"1234567890\"}},{\"type\":\"Action.ShowCard\",\"title\":\"Show Card\",\"card\":{\"type\":\"AdaptiveCard\",\"body\":[{\"type\":\"TextBlock\",\"text\":\"Enter comment\",\"wrap\":true},{\"type\":\"Input.Text\",\"style\":\"text\",\"id\":\"CommentVal\"}],\"actions\":[{\"type\":\"Action.Submit\",\"title\":\"OK\"}],\"$schema\":\"http://adaptivecards.io/schemas/adaptive-card.json\"}}],\"-ms-tokens\":{}}"},"operationMetadataId":"a8605d8d-066f-4f44-8acb-49026fe3641e"},"type":"Request","kind":"ApiConnection","inputs":{"schema":{"type":"object","properties":{"rows":{"type":"array","items":{"type":"object","properties":{"entity":{"type":"object","properties":{"teamsFlowRunContext":{"type":"object","properties":{"messagePayload":{"type":"object","properties":{"from":{"type":"object","properties":{"user":{"type":"object","properties":{"displayName":{"title":"Sender User Display Name","type":"string"}},"required":[]}},"required":[]},"id":{"title":"Message ID","type":"string"}},"required":[]}}},"cardOutputs":{"type":"object","properties":{"candidateName":{"title":"candidateName","type":"string"},"post":{"title":"post","type":"string"},"bgrd":{"title":"bgrd","type":"string"},"education":{"title":"education","type":"string"},"techCompetency":{"title":"techCompetency","type":"string"},"preComVerb":{"title":"preComVerb","type":"string"},"intellect":{"title":"intellect","type":"string"},"nonAcad":{"title":"nonAcad","type":"string"},"achievementMotivation":{"title":"achievementMotivation","type":"string"},"organization":{"title":"organization","type":"string"},"decision":{"title":"decision","type":"string"},"suggestion":{"title":"suggestion","type":"string"},"email":{"title":"email","type":"string"},"inteviewerName":{"title":"inteviewerName","type":"string"},"dateVal":{"title":"dateVal","type":"string"},"totalScore":{"title":"totalScore","type":"number"},"totalPercScore":{"title":"totalPercScore","type":"number"},"genAssess":{"title":"genAssess","type":"string"}}}},"required":["teamsFlowRunContext","cardOutputs"]}},"required":["entity"]}}},"required":["rows"]},"host":{"connection":{"name":"@parameters('$connections')['shared_teams']['connectionId']"},"api":{"runtimeUrl":"https://flow-apim-europe-001-westeurope-01.azure-apim.net/apim/teams"}},"operationId":"ForASelectedMessage","parameters":{"inputsAdaptiveCard":"{\"$schema\":\"http://adaptivecards.io/schemas/adaptive-card.json\",\"type\":\"AdaptiveCard\",\"version\":\"1.2\",\"body\":[{\"type\":\"TextBlock\",\"size\":\"Medium\",\"weight\":\"Bolder\",\"text\":\"Candidate Feedback Form Interview Score 📄✍\",\"horizontalAlignment\":\"Center\",\"wrap\":true},{\"type\":\"TextBlock\",\"text\":\"Please use this form as a guide to evaluate the candidate's qualification for employment. Check the appropriate rating corresponding to the candidate's level of qualification and provide comments in the space below if necessary.\\n\\nRating Scale: \\n\\n5 - Exceptional\\n\\n4 - Exceeds Expectations\\n\\n3 - Meets Expectations\\n\\n2 - Below Expectations\\n\\n1 - Does not fit or Not Applicable\",\"wrap\":true,\"separator\":true},{\"type\":\"TextBlock\",\"text\":\"Email\",\"wrap\":true},{\"type\":\"Input.Text\",\"style\":\"text\",\"isRequired\":true,\"label\":\"Email\",\"errorMessage\":\"This is a required question\",\"id\":\"Email\"},{\"type\":\"TextBlock\",\"text\":\"Candidate's Name\",\"wrap\":true},{\"type\":\"Input.Text\",\"style\":\"Url\",\"id\":\"CandidateName\",\"isRequired\":true,\"errorMessage\":\"This is a required question\",\"label\":\"Candidate's Name\"},{\"type\":\"TextBlock\",\"text\":\"Under Consideration for Post of\",\"wrap\":true},{\"type\":\"Input.Text\",\"style\":\"Email\",\"id\":\"Post\",\"label\":\"Under Consideration for Post of\",\"isRequired\":true,\"errorMessage\":\"This is a required question\"},{\"type\":\"TextBlock\",\"wrap\":true,\"text\":\"Interviewer Name\"},{\"type\":\"Input.Text\",\"style\":\"Tel\",\"id\":\"InteviewerName\",\"label\":\"Interviewer's Name\",\"isRequired\":true,\"errorMessage\":\"This is a required question\"},{\"type\":\"TextBlock\",\"wrap\":true,\"text\":\"Date of interview\"},{\"type\":\"Input.Date\",\"id\":\"DateVal\",\"label\":\"Date of Interview\",\"isRequired\":true,\"errorMessage\":\"This is a required question\"},{\"type\":\"TextBlock\",\"text\":\"Background: Assess candidate's experience and employment history.\",\"wrap\":true},{\"type\":\"Input.ChoiceSet\",\"choices\":[{\"title\":\"Exceptional\",\"value\":\"5\"},{\"title\":\"Exceeds Expectations\",\"value\":\"4\"},{\"title\":\"Meets Expectations\",\"value\":\"3\"},{\"title\":\"Below Expectations\",\"value\":\"2\"},{\"title\":\"Does not it or Not Applicable\",\"value\":\"1\"}],\"placeholder\":\"Choose\",\"isRequired\":true,\"errorMessage\":\"This is a required question\",\"id\":\"Bgrd\",\"label\":\"Background: Assess candidate's experience and employment history.\"},{\"type\":\"TextBlock\",\"text\":\"Education / Training: Assess the relevant candidate's education and training background. \",\"wrap\":true},{\"type\":\"Input.ChoiceSet\",\"choices\":[{\"title\":\"Exceptional\",\"value\":\"5\"},{\"title\":\"Exceeds Expectations\",\"value\":\"4\"},{\"title\":\"Meets Expectations\",\"value\":\"3\"},{\"title\":\"Below Expectations\",\"value\":\"2\"},{\"title\":\"Does not fit or Not Applicable\",\"value\":\"1\"}],\"placeholder\":\"Choose\",\"label\":\"Education / Training: Assess the relevant candidate's education and training background. \",\"id\":\"Education\",\"errorMessage\":\"This is a required question\",\"style\":\"expanded\",\"isRequired\":true},{\"type\":\"TextBlock\",\"text\":\"Technical Competency: Assess the candidate's Technical knowledge and past working experiences. \",\"wrap\":true},{\"type\":\"Input.ChoiceSet\",\"choices\":[{\"title\":\"Exceptional\",\"value\":\"5\"},{\"title\":\"Exceeds Expectations\",\"value\":\"4\"},{\"title\":\"Meets Expectations\",\"value\":\"3\"},{\"title\":\"Below Expectations\",\"value\":\"2\"},{\"title\":\"Does not fit or Not Applicable\",\"value\":\"1\"}],\"placeholder\":\"Choose\",\"id\":\"TechCompetency\",\"label\":\"Technical Competency: Assess the candidate's Technical knowledge and past working experiences.\",\"isRequired\":true,\"errorMessage\":\"This is a required question\"},{\"type\":\"TextBlock\",\"text\":\"Presentation / Communication / Verbal Skills: Assess the candidate's fluency of expression, ability to express ideas and thoughts clearly.\",\"wrap\":true},{\"type\":\"Input.ChoiceSet\",\"choices\":[{\"title\":\"Exceptional\",\"value\":\"5\"},{\"title\":\"Exceeds Expectations\",\"value\":\"4\"},{\"title\":\"Meets Expectations\",\"value\":\"3\"},{\"title\":\"Below Expectations\",\"value\":\"2\"},{\"title\":\"Does not fit or Not Applicable\",\"value\":\"1\"}],\"placeholder\":\"Choose\",\"label\":\"Presentation / Communication / Verbal Skills: Assess the candidate's fluency of expression, ability to express ideas and thoughts clearly. \",\"id\":\"PreComVerb\",\"isRequired\":true,\"errorMessage\":\"This is a required question\"},{\"type\":\"TextBlock\",\"text\":\"Intellectual / Practical Ability: Assess the candidate's ability to appreciate new situation quickly and accurately, depth and consistency of argument. \",\"wrap\":true},{\"type\":\"Input.ChoiceSet\",\"choices\":[{\"title\":\"Exceptional \",\"value\":\"5\"},{\"title\":\"Exceeds Expectations\",\"value\":\"4\"},{\"title\":\"Meets Expectations\",\"value\":\"3\"},{\"title\":\"Below Expectations\",\"value\":\"2\"},{\"title\":\"Does not fit or Not Applicable\",\"value\":\"1\"}],\"placeholder\":\"Choose\",\"label\":\"Intellectual / Practical Ability: Assess the candidate's ability to appreciate new situation quickly and accurately, depth and consistency of argument.\",\"isRequired\":true,\"errorMessage\":\"This is a required question\",\"id\":\"Intellect\"},{\"type\":\"TextBlock\",\"text\":\"Non-Academic Activities: Assess the candidate's diversity of activities, level of participation, vocational training (if applicable).\",\"wrap\":true},{\"type\":\"Input.ChoiceSet\",\"choices\":[{\"title\":\"Exceptional\",\"value\":\"5\"},{\"title\":\"Exceeds Expectations\",\"value\":\"4\"},{\"title\":\"Meets Expecations\",\"value\":\"3\"},{\"title\":\"Below Expectations\",\"value\":\"2\"},{\"title\":\"Does not fit or Not Applicable\",\"value\":\"1\"}],\"placeholder\":\"Choose\",\"label\":\"Non-Academic Activities: Assess the candidate's diversity of activities, level of participation, vocational training (if applicable).\",\"isRequired\":true,\"errorMessage\":\"This is a required question\",\"id\":\"NonAcad\"},{\"type\":\"TextBlock\",\"text\":\"Achievement Motivation: Assess the candidate's target setting, track-record in overcoming difficulties, drive and enthusiasm.\",\"wrap\":true},{\"type\":\"Input.ChoiceSet\",\"choices\":[{\"title\":\"Exceptional\",\"value\":\"5\"},{\"title\":\"Exceeds Expectations\",\"value\":\"4\"},{\"title\":\"Meets Expectations\",\"value\":\"3\"},{\"title\":\"Below Expectations\",\"value\":\"2\"},{\"title\":\"Does not fit or Not Applicable\",\"value\":\"1\"}],\"placeholder\":\"Choose\",\"label\":\"Achievement Motivation: Assess the candidate's target setting, track-record in overcoming difficulties, drive and enthusiasm. \",\"id\":\"AchievementMotivation\",\"isRequired\":true,\"errorMessage\":\"This is a required questions\"},{\"type\":\"TextBlock\",\"text\":\"Organisational / Cultural Fit: Assess the candidate's to fit in the organisation and culture\",\"wrap\":true},{\"type\":\"Input.ChoiceSet\",\"choices\":[{\"title\":\"Exceptional\",\"value\":\"5\"},{\"title\":\"Exceeds Expectations\",\"value\":\"4\"},{\"title\":\"Meets Expectations\",\"value\":\"3\"},{\"title\":\"Below Expectations\",\"value\":\"2\"},{\"title\":\"Does not fit or Not Applicable\",\"value\":\"1\"}],\"placeholder\":\"Choose\",\"id\":\"Organization\",\"isRequired\":true,\"errorMessage\":\"This is a required question\",\"label\":\"Organisational / Cultural Fit: Assess the candidate's to fit in the organization and culture\"},{\"type\":\"TextBlock\",\"text\":\"Total Score =\",\"wrap\":true},{\"type\":\"Input.Number\",\"placeholder\":\"Your answer\",\"id\":\"totalScore\"},{\"type\":\"TextBlock\",\"text\":\"Total Percentage % Score = Total Score/40 * 100 %\",\"wrap\":true},{\"type\":\"Input.Number\",\"placeholder\":\"Your answer\",\"id\":\"totalPercScore\"},{\"type\":\"TextBlock\",\"text\":\"General Assessment / Recommendation \",\"wrap\":true},{\"type\":\"Input.Text\",\"style\":\"text\",\"isMultiline\":true,\"id\":\"GenAssess\",\"isRequired\":true,\"errorMessage\":\"This is a required field\",\"label\":\"General Assessment / Recommendation \"},{\"type\":\"TextBlock\",\"text\":\"Decision\",\"wrap\":true},{\"type\":\"Input.ChoiceSet\",\"choices\":[{\"title\":\"Hire\",\"value\":\"Hire ✅\"},{\"title\":\"No Hire\",\"value\":\"No Hire ❌\"}],\"placeholder\":\"Choose\",\"style\":\"expanded\",\"id\":\"Decision\"},{\"type\":\"TextBlock\",\"wrap\":true,\"text\":\"Suggest follow-up discussion regarding:\"},{\"type\":\"Input.ChoiceSet\",\"choices\":[{\"title\":\"Past experience in the topic area\",\"value\":\"Past experience in the topic area 😎\"},{\"title\":\"Inclusive behaviours and work ethics\",\"value\":\"Inclusive behaviours and work ethics 👔\"},{\"title\":\"Ability to work without supervision\",\"value\":\"Ability to work without supervision 🪐\"}],\"placeholder\":\"Select\",\"isMultiSelect\":true,\"style\":\"expanded\",\"id\":\"Suggestion\"}],\"actions\":[{\"type\":\"Action.Submit\",\"title\":\"Submit\",\"data\":{\"id\":\"1234567890\"}},{\"type\":\"Action.ShowCard\",\"title\":\"Show Card\",\"card\":{\"type\":\"AdaptiveCard\",\"body\":[{\"type\":\"TextBlock\",\"text\":\"Enter comment\",\"wrap\":true},{\"type\":\"Input.Text\",\"style\":\"text\",\"id\":\"CommentVal\"}],\"actions\":[{\"type\":\"Action.Submit\",\"title\":\"OK\"}],\"$schema\":\"http://adaptivecards.io/schemas/adaptive-card.json\"}}],\"-ms-tokens\":{}}"}}}},"actions":{"Add_a_row_into_a_table":{"runAfter":{"Post_a_message_(V3)":["Succeeded"]},"metadata":{"01CTYHPHEQHL75S5EUUZF2OKUYU7YBYE5C":"/Microsoft Teams Chat Files/Candidate Feedback Form1.xlsx","tableId":"{CB4FC25F-FB29-43CB-8E0A-7F4B7F4D9DB5}","operationMetadataId":"d64ead67-2d50-4c80-86b4-f62b332ef313"},"type":"OpenApiConnection","inputs":{"host":{"apiId":"/providers/Microsoft.PowerApps/apis/shared_excelonlinebusiness","connectionName":"shared_excelonlinebusiness","operationId":"AddRowV2"},"parameters":{"source":"me","drive":"b!pKLqtlaaOEGsXJf82dCt39pEKtojkaFPgAKyrBzeQOifwamLTwn5Q5OXV9Lrs7Qf","file":"01CTYHPHEQHL75S5EUUZF2OKUYU7YBYE5C","table":"{CB4FC25F-FB29-43CB-8E0A-7F4B7F4D9DB5}","dateTimeFormat":"Serial Number","item/Email":"@triggerBody()?['entity']?['cardOutputs']?['email']","item/Candidate's Name":"@triggerBody()?['entity']?['cardOutputs']?['candidateName']","item/Post":"@triggerBody()?['entity']?['cardOutputs']?['post']","item/Interviewer Name":"@triggerBody()?['entity']?['cardOutputs']?['inteviewerName']","item/Date of Interview":"@triggerBody()?['entity']?['cardOutputs']?['dateVal']","item/Background":"@triggerBody()?['entity']?['cardOutputs']?['bgrd']","item/Education":"@triggerBody()?['entity']?['cardOutputs']?['education']","item/Technical Competency":"@triggerBody()?['entity']?['cardOutputs']?['techCompetency']","item/Presentation":"@triggerBody()?['entity']?['cardOutputs']?['preComVerb']","item/Intellectual":"@triggerBody()?['entity']?['cardOutputs']?['intellect']","item/Non-Academic":"@triggerBody()?['entity']?['cardOutputs']?['nonAcad']","item/Achievement":"@triggerBody()?['entity']?['cardOutputs']?['achievementMotivation']","item/Organization":"@triggerBody()?['entity']?['cardOutputs']?['organization']","item/Total score":"@triggerBody()?['entity']?['cardOutputs']?['totalScore']","item/Total Percentage":"@triggerBody()?['entity']?['cardOutputs']?['totalPercScore']","item/General Assessment":"@triggerBody()?['entity']?['cardOutputs']?['genAssess']"},"authentication":{"value":"@json(decodeBase64(triggerOutputs().headers['X-MS-APIM-Tokens']))['$ConnectionKey']","type":"Raw"}}},"Post_a_message_(V3)":{"runAfter":{},"metadata":{"operationMetadataId":"8a2cc1f0-1d34-4a8b-a1b3-3fcfad33392d"},"type":"OpenApiConnection","inputs":{"host":{"apiId":"/providers/Microsoft.PowerApps/apis/shared_teams","connectionName":"shared_teams","operationId":"PostMessageToChannelV3"},"parameters":{"groupId":"fac249a4-a46d-47a3-8a47-8c0921c38cde","channelId":"19:53xPnTmbOhb2jZT__MTNQl5RwshAy_rrmu8xh3T_GGA1@thread.tacv2","body/body/content":"<p><strong>New Feedback Form Submitted</strong><br>\n<br>\n<strong>Submitted by:</strong><strong>@{triggerBody()?['entity']?['teamsFlowRunContext']?['messagePayload']?['from']?['user']?['displayName']}</strong><br>\n<br>\n<strong>Responder details:</strong><br>\n<br>\nName: &nbsp;@{triggerBody()?['entity']?['teamsFlowRunContext']?['messagePayload']?['from']?['user']?['displayName']},<br>\nCandidate's Name: @{triggerBody()?['entity']?['cardOutputs']?['candidateName']},<br>\nPosition: @{triggerBody()?['entity']?['cardOutputs']?['post']},<br>\n<br>\n<strong>Competencies Result:</strong><br>\nExperience and Employment History: @{triggerBody()?['entity']?['cardOutputs']?['bgrd']},<br>\nEducation/Training:@{triggerBody()?['entity']?['cardOutputs']?['education']} &nbsp;,<br>\nTechnical Competency: @{triggerBody()?['entity']?['cardOutputs']?['techCompetency']}&nbsp;,<br>\nPresentation/Comm/Verbal: @{triggerBody()?['entity']?['cardOutputs']?['preComVerb']} &nbsp;,<br>\nIntellectual/Practical Ability: @{triggerBody()?['entity']?['cardOutputs']?['intellect']} ,<br>\nDiversity ability: @{triggerBody()?['entity']?['cardOutputs']?['nonAcad']} ,<br>\nAchievement Motivation: @{triggerBody()?['entity']?['cardOutputs']?['achievementMotivation']} ,<br>\nOrganization/Cultural Fit: @{triggerBody()?['entity']?['cardOutputs']?['organization']},<br>\n<br>\n<strong>Decision:</strong> @{triggerBody()?['entity']?['cardOutputs']?['decision']},<br>\n<br>\n<br>\n<strong>Suggestions for follow-up discussions:</strong><br>\n<br>\n@{triggerBody()?['entity']?['cardOutputs']?['suggestion']}<br>\n<br>\n</p>"},"authentication":{"value":"@json(decodeBase64(triggerOutputs().headers['X-MS-APIM-Tokens']))['$ConnectionKey']","type":"Raw"}}}}},"connectionReferences":{"shared_teams":{"connectionName":"shared-teams-f667b1f3-a42d-4245-9d05-2679-8c7332fa","source":"Invoker","id":"/providers/Microsoft.PowerApps/apis/shared_teams","tier":"NotSpecified"},"shared_excelonlinebusiness":{"connectionName":"shared-excelonlinebu-6593f9bf-42b9-410b-a3bd-db25-cdb35166","source":"Invoker","id":"/providers/Microsoft.PowerApps/apis/shared_excelonlinebusiness","tier":"NotSpecified"}},"flowFailureAlertSubscribed":false,"isManaged":false}}